{"1.jpg": [0, 0, [-23.72490289341576, 2.883057112428668, 0.0], [-0.7063751751724756, -0.02424519892141988, 0.0], [-18.438332563845304, 1.6032000395653088, 0.0], [-0.576404082457236, 0.13193691769329277, 0.0], [-2.399392161310333, -0.10796112645910019, 0.0]], "2.jpg": [0, 0, [-4.656993535174522, 0.7331880160991298, 0.0], [-3.311345869284091, 0.36743541305909294, 0.0], [-6.590930573185228, 1.1133160336076997, 0.0], [5.202580496298176, -0.9525781089147033, -0.0], [-10.365313987595162, 0.7312653493100149, 0.0]], "3.jpg": [0, 0, [-25.612498897742697, 5.1355930165538535, 0.0], [3.4760102995117395, -0.22313629669354718, -0.0], [-17.647361623099624, 2.645053888374607, 0.0], [-1.323754758967888, 0.4521374059047255, 0.0], [-5.482039386414452, 0.062275398134720536, 0.0]], "4.jpg": [0, 0, [-12.87425446373003, 0.8703806148301028, 0.0], [6.561637511117982, -0.2019691326280227, -0.0], [-10.835589617237341, 0.6031679687646272, 0.0], [2.492279180880428, -0.34848056994281396, -0.0], [-4.243277999900528, -0.13490282125072647, 0.0]], "5.jpg": [1, 0, [-35.386345920734236, 5.221057801486825, 0.0], [14.247457427164303, -0.3733509512647751, -0.0], [-18.393890491680242, 0.9081687512679515, 0.0], [-13.112610100655518, 4.765567347455941, 0.0], [6.7227119733973, 0.10442608835841505, -0.0]], "6.jpg": [1, 0, [-22.10036074043832, 0.8545152049756547, 0.0], [13.876551493972311, 0.11942728592636248, -0.0], [-8.536721866191899, -0.3338933974012765, 0.0], [-11.606045557827594, 1.855902737937039, 0.0], [2.0137524061992744, 0.1539906808010436, -0.0]], "7.jpg": [0, 0, [-10.592064653646181, 0.5524228048399537, 0.0], [0.03120790292787599, 0.00022761804778903796, -0.0], [-8.761121819775978, 0.3662157343764434, 0.0], [1.3000224146205803, -0.14716811705336175, -0.0], [-1.3603992449894426, -0.020552265210999402, 0.0]], "8.png": [0, 1, [-62.25335291743032, 5.625155152217329, 0.0], [33.26121847597291, 2.0471229400416786, -0.0], [-39.5517528809221, -1.1663759691007967, 0.0], [-8.977015042624718, 2.8617650322854074, 0.0], [-32.850924798959014, -14.337767667431923, 0.0]], "9.png": [0, 0, [20.583128069793908, -0.2641986056531962, -0.0], [-13.731422565338613, 0.6462727540285699, 0.0], [15.96897432474138, -0.5731593665833391, -0.0], [-2.0962393467618283, -0.13020382408737838, 0.0], [-20.818494490623088, 0.24270225916877458, 0.0]], "10.png": [0, 0, [-3.9333354059564862, 0.018506434459230725, 0.0], [11.029893303026684, -0.4578795348046607, -0.0], [-2.0558534015067993, -0.010293997470188939, 0.0], [-1.595822847436628, 0.033630723839782786, 0.0], [-15.4944979415227, -1.4958458450142924, 0.0]], "11.jpg": [0, 0, [-8.90692691900155, 0.003816007904329649, 0.0], [13.18404776124738, -0.32211986031471745, 0.0], [-8.90692691900155, 0.003816007904329649, 0.0], [-1.9295881557561358, 0.07571812789138992, 0.0], [-32.559177666323954, -7.898699073968717, 0.0]]}