{"1.jpg": [0, 0, 1, 0, 1, 1, 0, 0, [-23.72490289341576, 2.883057112428668, 0.0], [-0.7063751751724756, -0.02424519892141988, 0.0], [-18.438332563845304, 1.6032000395653088, 0.0], [-0.576404082457236, 0.13193691769329277, 0.0], [-2.399392161310333, -0.10796112645910019, 0.0]], "2.jpg": [0, 0, 1, 0, 0, 0, 1, 0, [-4.656993535174522, 0.7331880160991298, 0.0], [-3.311345869284091, 0.36743541305909294, 0.0], [-6.590930573185228, 1.1133160336076997, 0.0], [5.202580496298176, -0.9525781089147033, -0.0], [-10.365313987595162, 0.7312653493100149, 0.0]], "3.jpg": [0, 0, 1, 0, 0, 1, 0, 0, [-25.612498897742697, 5.1355930165538535, 0.0], [3.4760102995117395, -0.22313629669354718, -0.0], [-17.647361623099624, 2.645053888374607, 0.0], [-1.323754758967888, 0.4521374059047255, 0.0], [-5.482039386414452, 0.062275398134720536, 0.0]], "4.jpg": [0, 0, 1, 0, 1, 0, 0, 0, [-12.87425446373003, 0.8703806148301028, 0.0], [6.561637511117982, -0.2019691326280227, -0.0], [-10.835589617237341, 0.6031679687646272, 0.0], [2.492279180880428, -0.34848056994281396, -0.0], [-4.243277999900528, -0.13490282125072647, 0.0]], "5.jpg": [1, 0, 1, 1, 1, 1, 0, 0, [-35.386345920734236, 5.221057801486825, 0.0], [14.247457427164303, -0.3733509512647751, -0.0], [-18.393890491680242, 0.9081687512679515, 0.0], [-13.112610100655518, 4.765567347455941, 0.0], [6.7227119733973, 0.10442608835841505, -0.0]], "6.jpg": [1, 0, 1, 1, 1, 1, 0, 0, [-22.10036074043832, 0.8545152049756547, 0.0], [13.876551493972311, 0.11942728592636248, -0.0], [-8.536721866191899, -0.3338933974012765, 0.0], [-11.606045557827594, 1.855902737937039, 0.0], [2.0137524061992744, 0.1539906808010436, -0.0]], "7.jpg": [0, 0, 1, 1, 0, 0, 0, 0, [-10.592064653646181, 0.5524228048399537, 0.0], [0.03120790292787599, 0.00022761804778903796, -0.0], [-8.761121819775978, 0.3662157343764434, 0.0], [1.3000224146205803, -0.14716811705336175, -0.0], [-1.3603992449894426, -0.020552265210999402, 0.0]], "8.png": [0, 1, 1, 0, 1, 1, 0, 0, [-62.25335291743032, 5.625155152217329, 0.0], [33.26121847597291, 2.0471229400416786, -0.0], [-39.5517528809221, -1.1663759691007967, 0.0], [-8.977015042624718, 2.8617650322854074, 0.0], [-32.850924798959014, -14.337767667431923, 0.0]], "9.png": [0, 0, 0, 0, 0, 0, 0, 0, [20.583128069793908, -0.2641986056531962, -0.0], [-13.731422565338613, 0.6462727540285699, 0.0], [15.96897432474138, -0.5731593665833391, -0.0], [-2.0962393467618283, -0.13020382408737838, 0.0], [-20.818494490623088, 0.24270225916877458, 0.0]], "10.png": [0, 0, 0, 0, 0, 0, 0, 0, [-3.9333354059564862, 0.018506434459230725, 0.0], [11.029893303026684, -0.4578795348046607, -0.0], [-2.0558534015067993, -0.010293997470188939, 0.0], [-1.595822847436628, 0.033630723839782786, 0.0], [-15.4944979415227, -1.4958458450142924, 0.0]], "11.jpg": [0, 0, 0, 0, 0, 1, 0, 0, [-8.90692691900155, 0.003816007904329649, 0.0], [13.18404776124738, -0.32211986031471745, 0.0], [-8.90692691900155, 0.003816007904329649, 0.0], [-1.9295881557561358, 0.07571812789138992, 0.0], [-32.559177666323954, -7.898699073968717, 0.0]], "12.jpg": [0, 0, 1, 0, 0, 1, 0, 0, [-35.93829105437303, 3.644834152698516, 0.0], [10.324345621780159, 0.5369928662446167, 0.0], [-35.93829105437303, 3.644834152698516, 0.0], [-7.040972481518409, 2.0264714931738546, 0.0], [-18.210057895030296, -4.122184988615052, 0.0]], "13.jpg": [0, 1, 1, 0, 0, 0, 1, 1, [-30.156434711693624, -0.8536113983929, 0.0], [20.11171960053567, 1.7096869313871776, 0.0], [-30.156434711693624, -0.8536113983929, 0.0], [-13.829946041651823, 1.6308146220991477, 0.0], [-22.43709960827708, -7.721721688774114, 0.0]], "14.jpg": [0, 0, 1, 0, 0, 0, 1, 0, [-28.690686431192347, -1.0286504599127413, 0.0], [28.41394849573234, 1.0641019358143045, 0.0], [-28.690686431192347, -1.0286504599127413, 0.0], [-7.357449716760323, 0.7554939373574291, 0.0], [-23.28590410771797, -8.301603296707123, 0.0]], "15.jpg": [0, 1, 1, 0, 0, 0, 0, 0, [-14.776339937134825, -1.1712194007826917, 0.0], [32.75389515754806, -0.7728090867911026, 0.0], [-14.776339937134825, -1.1712194007826917, 0.0], [-8.780068423201817, -0.04334200585573772, 0.0], [-26.932883992717635, -9.076419193859019, 0.0]], "16.jpg": [0, 0, 1, 0, 0, 1, 1, 1, [-34.934616379570315, 2.6337234532911227, 0.0], [25.210357706336143, -0.4804406096823134, 0.0], [-34.934616379570315, 2.6337234532911227, 0.0], [-9.679715250510617, 2.471585929051336, 0.0], [-27.467329691144297, -8.069898137563932, 0.0]], "17.jpg": [0, 1, 1, 0, 0, 0, 0, 0, [-25.903679538529637, -0.5775202640897158, 0.0], [28.413176085259476, 0.23547387486644292, 0.0], [-25.903679538529637, -0.5775202640897158, 0.0], [-6.735719913395252, 0.7052139889889876, 0.0], [-36.40580362158626, -14.751406066455013, 0.0]], "18.jpg": [0, 1, 1, 0, 0, 1, 0, 0, [-29.220721865682908, -1.0200015035755936, 0.0], [29.70928072855084, 0.9538826630736957, 0.0], [-29.220721865682908, -1.0200015035755936, 0.0], [-5.936871508266785, 0.6154206366579555, 0.0], [-32.17515587868974, -13.64358534626543, 0.0]], "19.jpg": [0, 1, 1, 0, 0, 0, 0, 0, [-28.141641697578812, -1.8749803146051047, 0.0], [35.76151802518743, 0.8595580242516622, 0.0], [-28.141641697578812, -1.8749803146051047, 0.0], [-4.329500999674006, 0.31446278811383155, 0.0], [-29.567808936370753, -12.553814919436192, 0.0]], "20.jpg": [0, 1, 1, 0, 0, 1, 1, 1, [-42.1496657974989, 2.2009102357855426, 0.0], [39.29579587164296, -1.3805369555610603, 0.0], [-42.1496657974989, 2.2009102357855426, 0.0], [-13.832097091821984, 3.732151280870457, 0.0], [-28.505268424023882, -11.024516923985104, 0.0]], "21.jpg": [0, 0, 1, 0, 1, 0, 1, 1, [-31.504449423099164, -4.03329687095483, 0.0], [44.23749739239887, 2.4939569523198792, 0.0], [-31.504449423099164, -4.03329687095483, 0.0], [-8.992500276194436, 0.2924504764586694, 0.0], [-27.775457918472185, -14.385274476267101, 0.0]], "22.jpg": [0, 0, 1, 0, 1, 0, 1, 1, [-27.906068780010454, -3.4794633571431746, 0.0], [42.194693865490386, 1.901383434356832, 0.0], [-27.906068780010454, -3.4794633571431746, 0.0], [-8.335474905798032, 0.15444431564361785, 0.0], [-28.202622026883667, -13.695822369424782, 0.0]], "23.jpg": [0, 0, 1, 0, 0, 0, 0, 1, [-19.861515398466505, -2.3246557067452662, 0.0], [42.64596555983324, -0.26408492587126287, 0.0], [-19.861515398466505, -2.3246557067452662, 0.0], [-5.610837515183655, -0.0873616844005139, 0.0], [-28.210424148617914, -11.489535979820184, 0.0]], "24.jpg": [0, 0, 0, 0, 0, 1, 0, 1, [-29.375019953812444, -0.24288502375871274, 0.0], [34.98729387890188, -0.7842520007033277, 0.0], [-29.375019953812444, -0.24288502375871274, 0.0], [-10.91376120800247, 1.598791575713406, 0.0], [-29.481770385202676, -10.280920228490778, 0.0]], "25.jpg": [0, 0, 0, 0, 0, 1, 1, 1, [-34.94168978230308, 2.5855636479891158, 0.0], [25.747542271432835, -0.5766585074575594, 0.0], [-34.94168978230308, 2.5855636479891158, 0.0], [-12.946632082955238, 3.36142447452499, 0.0], [-31.091540948488866, -9.535739449930649, 0.0]], "26.jpg": [0, 1, 0, 0, 0, 0, 0, 0, [-8.560388398464402, -0.743068044712235, 0.0], [44.43662575341512, -4.782101492639222, 0.0], [-8.560388398464402, -0.743068044712235, 0.0], [-4.982781456645898, -0.21681926547336755, 0.0], [-31.794597547067987, -10.194030305773977, 0.0]], "27.jpg": [0, 0, 0, 0, 0, 0, 1, 0, [3.451473130037977, 0.3907762308097275, 0.0], [18.977633935998377, -0.04039565693294091, 0.0], [3.451473130037977, 0.3907762308097275, 0.0], [1.4586508331376318, 0.1903168007171696, 0.0], [-34.476871550546285, -9.88764943764867, 0.0]], "28.jpg": [0, 0, 0, 0, 0, 0, 1, 0, [14.42457036465159, 1.8231284687760765, 0.0], [15.709276647762422, -0.42906988456851786, 0.0], [14.42457036465159, 1.8231284687760765, 0.0], [-1.5502738339549815, -0.3120799025705714, 0.0], [-38.49566553793666, -10.017137016729556, 0.0]], "29.jpg": [0, 0, 0, 0, 0, 0, 0, 0, [-3.0173730042558407, -0.2229127945651301, 0.0], [13.142814719077133, 0.2872118111864506, 0.0], [-3.0173730042558407, -0.2229127945651301, 0.0], [-3.536279960624292, -0.21107559767805056, 0.0], [-34.973418194686296, -9.926901815930258, 0.0]],